Loan_ID,Gender,Married,Dependents,Education,Self_Employed,ApplicantIncome,CoapplicantIncome,LoanAmount,Loan_Amount_Term,Credit_History,Property_Area,Loan_Status
LN100000,Male,No,2,Not Graduate,No,19854,10696,427,180,1,Rural,Y
LN100001,Female,Yes,3+,Not Graduate,Yes,23690,13596,198,360,0,Rural,N
LN100002,Male,Yes,1,Not Graduate,Yes,7642,11502,482,120,1,Rural,Y
LN100003,Male,Yes,3+,Not Graduate,Yes,20703,1700,677,240,1,Rural,Y
LN100004,Male,Yes,3+,Graduate,No,10594,11862,518,120,0,Urban,N
LN100005,Female,Yes,2,Graduate,No,1864,2700,495,360,1,Semiurban,Y
LN100006,Male,No,3+,Not Graduate,No,22142,6815,530,240,0,Urban,N
LN100007,Male,Yes,2,Graduate,No,21003,11821,343,240,1,Urban,Y
LN100008,Male,No,0,Not Graduate,No,17188,12782,192,360,0,Rural,N
LN100009,Female,No,0,Graduate,No,3363,1647,299,360,1,Semiurban,Y
LN100010,Male,Yes,2,Not Graduate,No,17999,6038,351,180,1,Rural,Y
LN100011,Male,Yes,0,Not Graduate,Yes,8584,5164,74,360,1,Urban,Y
LN100012,Male,No,1,Graduate,No,9516,5520,119,300,1,Urban,Y
LN100013,Male,Yes,3+,Graduate,Yes,3884,11510,674,360,1,Rural,Y
LN100014,Female,Yes,1,Not Graduate,Yes,16572,3687,161,300,0,Urban,N
LN100015,Male,No,3+,Not Graduate,No,5435,596,413,360,1,Urban,Y
LN100016,Female,No,0,Graduate,No,14627,4545,352,180,1,Rural,Y
LN100017,Female,Yes,1,Graduate,Yes,15982,8676,520,300,0,Urban,N
LN100018,Female,No,0,Not Graduate,Yes,9242,8837,140,120,0,Semiurban,N
LN100019,Male,Yes,3+,Graduate,No,17665,14955,579,300,0,Rural,N
LN100020,Female,Yes,2,Not Graduate,No,23326,11281,241,180,1,Semiurban,Y
LN100021,Male,Yes,2,Not Graduate,Yes,3990,13917,601,300,1,Urban,Y
LN100022,Female,No,1,Not Graduate,No,24864,4757,291,360,0,Urban,N
LN100023,Female,No,0,Not Graduate,No,14824,13045,187,360,1,Rural,Y
LN100024,Female,No,0,Graduate,No,19608,4384,394,180,1,Urban,Y
LN100025,Female,No,1,Graduate,Yes,20651,8912,229,240,1,Rural,Y
LN100026,Female,No,2,Graduate,Yes,2637,4733,552,360,1,Rural,Y
LN100027,Female,Yes,3+,Graduate,Yes,22001,14570,252,120,1,Rural,Y
LN100028,Female,Yes,1,Graduate,No,4920,14751,622,180,1,Rural,Y
LN100029,Female,Yes,3+,Graduate,No,7345,7081,241,300,1,Rural,Y
LN100030,Male,Yes,2,Graduate,Yes,22662,8690,54,300,1,Semiurban,Y
LN100031,Male,No,0,Not Graduate,Yes,5406,7117,286,120,0,Rural,N
LN100032,Female,Yes,2,Graduate,Yes,21521,4729,360,360,1,Semiurban,Y
LN100033,Female,No,1,Graduate,No,20837,1673,598,180,1,Urban,Y
LN100034,Female,Yes,0,Not Graduate,Yes,23813,14318,105,120,1,Rural,Y
LN100035,Male,No,1,Graduate,Yes,13913,11259,492,360,0,Urban,N
LN100036,Female,No,1,Graduate,No,1776,8306,286,180,1,Rural,Y
LN100037,Male,Yes,2,Not Graduate,No,19883,11171,246,300,1,Semiurban,Y
LN100038,Male,Yes,1,Graduate,No,19111,12961,634,180,1,Semiurban,Y
LN100039,Male,Yes,2,Graduate,Yes,7837,9928,620,240,1,Semiurban,Y
LN100040,Male,Yes,0,Graduate,No,13444,13545,563,180,1,Urban,Y
LN100041,Male,No,2,Not Graduate,No,21619,11803,498,240,1,Rural,Y
LN100042,Female,Yes,0,Graduate,Yes,17406,7178,409,180,1,Urban,Y
LN100043,Female,Yes,2,Graduate,No,18579,10445,79,240,0,Semiurban,N
LN100044,Female,No,3+,Not Graduate,Yes,22036,2294,157,300,0,Urban,N
LN100045,Female,Yes,3+,Graduate,Yes,13806,3630,651,360,1,Semiurban,Y
LN100046,Female,Yes,1,Not Graduate,No,12003,146,494,240,0,Semiurban,N
LN100047,Male,Yes,2,Not Graduate,No,20725,14453,487,240,1,Semiurban,Y
LN100048,Female,Yes,2,Graduate,No,5708,12174,655,300,0,Rural,N
LN100049,Female,Yes,0,Not Graduate,No,13090,3453,506,240,1,Rural,Y
LN100050,Male,No,1,Not Graduate,No,12386,4507,664,120,0,Semiurban,N
LN100051,Female,Yes,2,Graduate,No,14366,5783,544,300,1,Urban,Y
LN100052,Male,Yes,1,Not Graduate,Yes,2588,7751,296,120,0,Urban,N
LN100053,Female,Yes,3+,Not Graduate,Yes,4863,10602,592,300,1,Rural,Y
LN100054,Male,Yes,2,Graduate,No,1524,5628,613,240,1,Semiurban,Y
LN100055,Female,Yes,2,Graduate,Yes,11264,8328,637,120,0,Urban,N
LN100056,Female,No,1,Graduate,No,24028,3360,488,240,1,Semiurban,Y
LN100057,Male,Yes,2,Not Graduate,Yes,23552,3005,327,300,1,Urban,Y
LN100058,Male,No,1,Graduate,Yes,22120,3552,601,240,1,Rural,Y
LN100059,Male,No,2,Not Graduate,Yes,11459,18,662,120,1,Semiurban,Y
LN100060,Male,Yes,0,Not Graduate,No,14435,2242,160,120,1,Semiurban,Y
LN100061,Male,Yes,1,Not Graduate,Yes,9568,14665,434,240,1,Urban,Y
LN100062,Male,Yes,2,Not Graduate,No,20119,14247,240,180,1,Urban,Y
LN100063,Male,Yes,3+,Not Graduate,Yes,8795,6318,539,300,0,Urban,N
LN100064,Male,No,2,Not Graduate,Yes,9892,5097,475,300,1,Semiurban,Y
LN100065,Female,Yes,3+,Not Graduate,Yes,12890,8640,454,240,1,Rural,Y
LN100066,Female,Yes,3+,Graduate,Yes,9948,1948,384,180,1,Rural,Y
LN100067,Male,Yes,0,Graduate,Yes,21631,9137,258,120,0,Urban,N
LN100068,Female,Yes,1,Not Graduate,No,11933,13665,71,360,1,Rural,Y
LN100069,Female,Yes,2,Not Graduate,No,16538,5618,660,360,1,Urban,Y
LN100070,Female,Yes,0,Graduate,Yes,21059,4236,257,240,1,Rural,Y
LN100071,Female,No,2,Not Graduate,Yes,13028,6901,57,180,1,Semiurban,Y
LN100072,Male,No,3+,Graduate,Yes,22781,1920,578,180,1,Urban,Y
LN100073,Female,Yes,1,Graduate,Yes,22921,11169,651,300,1,Rural,Y
LN100074,Male,Yes,2,Graduate,No,17243,4188,215,120,1,Semiurban,Y
LN100075,Female,Yes,2,Not Graduate,Yes,10105,12207,545,180,1,Rural,Y
LN100076,Female,No,3+,Not Graduate,No,3514,238,639,360,1,Semiurban,N
LN100077,Female,Yes,2,Graduate,Yes,2881,204,478,120,1,Semiurban,N
LN100078,Male,No,2,Graduate,No,2598,10799,212,120,0,Rural,N
LN100079,Female,Yes,3+,Graduate,Yes,21310,5552,415,240,0,Rural,N
LN100080,Male,Yes,0,Graduate,Yes,21539,12532,575,180,1,Semiurban,Y
LN100081,Female,Yes,3+,Graduate,No,10601,4927,288,240,1,Semiurban,Y
LN100082,Male,Yes,0,Not Graduate,Yes,1687,11580,121,180,1,Semiurban,Y
LN100083,Female,No,1,Graduate,Yes,13448,11164,494,300,1,Urban,Y
LN100084,Male,No,0,Not Graduate,Yes,11707,4390,558,240,0,Semiurban,N
LN100085,Male,Yes,0,Graduate,No,23293,2687,318,240,1,Urban,Y
LN100086,Female,Yes,1,Not Graduate,Yes,3592,4951,464,360,1,Semiurban,Y
LN100087,Male,No,0,Not Graduate,Yes,20014,6160,294,240,1,Urban,Y
LN100088,Female,No,3+,Not Graduate,No,6742,12358,109,180,1,Semiurban,Y
LN100089,Female,No,0,Not Graduate,No,10049,5388,55,360,0,Semiurban,N
LN100090,Female,No,1,Not Graduate,No,23531,9540,619,240,1,Semiurban,Y
LN100091,Female,Yes,3+,Not Graduate,Yes,6685,12592,456,240,0,Rural,N
LN100092,Female,No,1,Graduate,Yes,16771,5126,266,300,1,Rural,Y
LN100093,Female,Yes,1,Not Graduate,Yes,7276,13625,75,240,1,Semiurban,Y
LN100094,Female,No,2,Graduate,No,13949,816,54,120,1,Urban,Y
LN100095,Female,No,2,Not Graduate,Yes,9323,13414,581,360,1,Urban,Y
LN100096,Female,No,1,Not Graduate,Yes,17217,9012,439,120,1,Semiurban,Y
LN100097,Female,No,1,Graduate,No,8855,192,620,360,1,Rural,Y
LN100098,Female,No,1,Not Graduate,No,7965,1776,497,300,1,Urban,Y
LN100099,Male,Yes,2,Graduate,No,14237,3645,195,240,1,Rural,Y
LN100100,Male,Yes,2,Graduate,No,19381,12816,437,240,1,Urban,Y
LN100101,Female,No,0,Graduate,No,14824,6314,298,240,0,Semiurban,N
LN100102,Female,No,0,Graduate,Yes,11850,8442,575,360,1,Rural,Y
LN100103,Female,Yes,1,Not Graduate,No,4055,1788,511,240,0,Urban,N
LN100104,Female,No,3+,Not Graduate,Yes,23293,7374,62,120,1,Semiurban,Y
LN100105,Female,No,3+,Graduate,Yes,4451,14876,433,240,0,Semiurban,N
LN100106,Female,Yes,2,Not Graduate,No,19122,3700,605,300,1,Semiurban,Y
LN100107,Female,No,2,Not Graduate,No,6227,14314,448,120,1,Rural,Y
LN100108,Female,No,2,Graduate,No,21849,10655,68,240,1,Rural,Y
LN100109,Male,Yes,1,Not Graduate,Yes,7186,13691,624,240,1,Semiurban,Y
LN100110,Female,Yes,3+,Graduate,No,5201,9359,540,180,1,Rural,Y
LN100111,Male,Yes,0,Graduate,No,4280,14360,468,360,0,Urban,N
LN100112,Female,No,1,Not Graduate,No,19472,3893,386,120,1,Semiurban,Y
LN100113,Female,Yes,0,Not Graduate,No,3868,6811,468,180,1,Semiurban,Y
LN100114,Male,Yes,0,Not Graduate,No,17092,9288,661,300,0,Rural,N
LN100115,Female,Yes,1,Graduate,Yes,23673,2679,171,360,1,Semiurban,Y
LN100116,Male,Yes,0,Graduate,Yes,1936,10039,481,120,1,Urban,Y
LN100117,Female,Yes,3+,Not Graduate,Yes,4328,3904,93,240,1,Rural,Y
LN100118,Female,Yes,0,Not Graduate,No,3056,7260,366,120,1,Rural,Y
LN100119,Male,No,3+,Not Graduate,No,14864,504,430,240,1,Semiurban,Y
LN100120,Female,No,3+,Not Graduate,No,16561,9813,194,360,0,Semiurban,N
LN100121,Male,Yes,3+,Graduate,Yes,12076,14671,376,240,0,Semiurban,N
LN100122,Female,Yes,2,Not Graduate,No,18066,10664,412,300,1,Rural,Y
LN100123,Male,Yes,0,Graduate,No,8690,10738,99,240,1,Semiurban,Y
LN100124,Male,No,1,Graduate,No,24571,9579,114,300,1,Urban,Y
LN100125,Female,No,1,Not Graduate,Yes,7065,11186,404,360,1,Semiurban,Y
LN100126,Female,No,0,Not Graduate,No,16869,6773,213,360,1,Semiurban,Y
LN100127,Male,No,2,Not Graduate,Yes,23459,3816,190,120,1,Rural,Y
LN100128,Female,No,2,Graduate,No,3089,13510,177,300,0,Semiurban,N
LN100129,Female,No,3+,Not Graduate,Yes,1659,717,447,300,1,Rural,N
LN100130,Female,No,0,Not Graduate,Yes,13645,11676,512,180,1,Semiurban,Y
LN100131,Male,No,0,Graduate,Yes,16873,4434,236,180,1,Urban,Y
LN100132,Male,No,1,Not Graduate,No,8055,658,239,180,0,Urban,N
LN100133,Male,Yes,0,Graduate,No,17737,5057,437,240,1,Rural,Y
LN100134,Male,Yes,2,Not Graduate,Yes,10703,4008,478,180,1,Rural,Y
LN100135,Male,Yes,0,Graduate,Yes,9744,12716,333,300,1,Semiurban,Y
LN100136,Male,Yes,1,Not Graduate,No,16243,4994,286,240,0,Semiurban,N
LN100137,Male,No,3+,Not Graduate,No,14833,4234,243,360,1,Urban,Y
LN100138,Male,No,1,Graduate,Yes,14841,3764,336,120,1,Semiurban,Y
LN100139,Male,Yes,1,Graduate,No,24730,11181,185,180,1,Urban,Y
LN100140,Female,No,3+,Not Graduate,No,20191,4637,220,360,0,Rural,N
LN100141,Male,Yes,1,Graduate,No,2728,2104,208,300,1,Semiurban,Y
LN100142,Female,No,1,Graduate,No,7090,9447,250,120,0,Rural,N
LN100143,Female,Yes,0,Graduate,Yes,24803,6801,536,360,1,Semiurban,Y
LN100144,Female,No,0,Graduate,No,7085,10674,606,120,1,Urban,Y
LN100145,Male,No,3+,Not Graduate,No,10727,8575,632,180,1,Rural,Y
LN100146,Male,Yes,0,Not Graduate,Yes,7546,2607,553,300,1,Rural,Y
LN100147,Male,No,0,Graduate,Yes,13737,8385,420,120,0,Semiurban,N
LN100148,Male,Yes,1,Graduate,No,17149,11999,152,360,1,Rural,Y
LN100149,Female,Yes,2,Graduate,No,6445,3719,174,180,1,Urban,Y
LN100150,Male,Yes,0,Graduate,No,9427,2581,362,180,1,Rural,Y
LN100151,Male,Yes,2,Not Graduate,No,14141,2565,507,360,1,Rural,Y
LN100152,Male,No,0,Not Graduate,Yes,17498,2763,279,360,1,Semiurban,Y
LN100153,Male,No,0,Graduate,Yes,14886,10990,246,120,1,Rural,Y
LN100154,Male,No,3+,Graduate,Yes,8516,6328,472,240,0,Semiurban,N
LN100155,Female,Yes,3+,Graduate,No,15527,5991,621,180,1,Semiurban,Y
LN100156,Male,No,3+,Not Graduate,No,17420,10531,659,120,1,Rural,Y
LN100157,Female,Yes,2,Graduate,No,15252,3406,220,360,1,Urban,Y
LN100158,Male,No,1,Not Graduate,No,22970,8923,431,120,1,Semiurban,Y
LN100159,Female,No,0,Graduate,Yes,19768,14451,222,360,1,Rural,Y
LN100160,Male,No,0,Not Graduate,Yes,19693,11064,502,300,1,Semiurban,Y
LN100161,Male,Yes,0,Graduate,No,4667,11312,399,360,0,Urban,N
LN100162,Female,No,2,Not Graduate,Yes,13489,4780,683,360,1,Urban,Y
LN100163,Female,No,3+,Graduate,No,24236,4177,543,360,1,Semiurban,Y
LN100164,Female,Yes,1,Graduate,No,15587,6476,669,240,1,Urban,Y
LN100165,Male,No,2,Graduate,Yes,23940,2604,53,360,1,Rural,Y
LN100166,Female,Yes,3+,Not Graduate,No,3937,8181,142,180,1,Rural,Y
LN100167,Male,No,2,Graduate,No,24352,2382,55,180,1,Semiurban,Y
LN100168,Male,Yes,1,Not Graduate,Yes,16775,531,337,120,1,Urban,Y
LN100169,Female,Yes,3+,Not Graduate,No,23835,6079,667,240,0,Rural,N
LN100170,Female,No,2,Graduate,No,6776,12508,195,120,1,Rural,Y
LN100171,Male,Yes,1,Graduate,Yes,10359,634,473,180,1,Rural,Y
LN100172,Male,Yes,0,Graduate,No,9318,9961,657,180,1,Semiurban,Y
LN100173,Female,Yes,1,Not Graduate,Yes,6228,11996,506,300,1,Semiurban,Y
LN100174,Female,Yes,0,Graduate,No,20508,10562,251,360,1,Rural,Y
LN100175,Female,Yes,2,Not Graduate,Yes,7238,14162,261,180,1,Rural,Y
LN100176,Male,Yes,3+,Not Graduate,Yes,22116,2,55,120,1,Urban,Y
LN100177,Male,No,3+,Graduate,Yes,7293,14005,673,120,0,Urban,N
LN100178,Male,Yes,2,Graduate,No,6023,8397,425,360,1,Urban,Y
LN100179,Male,Yes,3+,Graduate,Yes,7071,5951,496,360,1,Semiurban,Y
LN100180,Male,No,3+,Graduate,Yes,17709,12327,155,300,1,Rural,Y
LN100181,Male,No,0,Graduate,Yes,16746,14394,450,240,1,Semiurban,Y
LN100182,Female,No,2,Graduate,Yes,11880,10813,145,120,1,Rural,Y
LN100183,Male,No,1,Not Graduate,Yes,3724,12931,437,360,1,Urban,Y
LN100184,Male,No,0,Not Graduate,No,9889,5626,501,120,1,Urban,Y
LN100185,Male,No,2,Not Graduate,No,17427,7739,465,360,0,Urban,N
LN100186,Female,No,0,Graduate,No,23975,6003,553,180,1,Urban,Y
LN100187,Male,Yes,1,Not Graduate,No,13184,2890,503,120,1,Rural,Y
LN100188,Male,Yes,1,Not Graduate,No,12140,11385,340,180,1,Urban,Y
LN100189,Female,No,2,Not Graduate,No,10162,10858,583,120,1,Rural,Y
LN100190,Male,Yes,1,Not Graduate,No,7861,6239,242,240,1,Rural,Y
LN100191,Male,Yes,0,Not Graduate,Yes,3448,8026,199,300,1,Semiurban,Y
LN100192,Male,Yes,1,Graduate,No,13591,3306,564,180,1,Urban,Y
LN100193,Male,No,0,Graduate,Yes,13492,897,442,360,1,Urban,Y
LN100194,Male,No,0,Not Graduate,Yes,24978,9277,365,240,0,Semiurban,N
LN100195,Female,Yes,1,Not Graduate,No,7818,9471,125,120,1,Rural,Y
LN100196,Female,No,2,Not Graduate,Yes,21680,14896,648,180,1,Urban,Y
LN100197,Female,Yes,3+,Graduate,Yes,13680,14683,319,120,1,Rural,Y
LN100198,Male,Yes,1,Graduate,Yes,1734,670,274,120,1,Semiurban,N
LN100199,Male,Yes,0,Not Graduate,Yes,16872,7291,579,120,1,Rural,Y
LN100200,Male,Yes,0,Graduate,No,21491,1505,162,300,1,Urban,Y
LN100201,Female,No,1,Graduate,No,2022,6460,300,300,0,Rural,N
LN100202,Male,No,2,Not Graduate,No,23788,11767,282,360,1,Rural,Y
LN100203,Male,No,2,Graduate,No,14218,13006,132,180,1,Urban,Y
LN100204,Female,Yes,0,Graduate,No,22772,5167,174,240,1,Urban,Y
LN100205,Male,No,0,Not Graduate,No,11321,10147,224,240,0,Rural,N
LN100206,Female,Yes,2,Graduate,No,7332,5255,118,240,0,Rural,N
LN100207,Female,No,3+,Graduate,No,14320,249,96,120,1,Semiurban,Y
LN100208,Female,Yes,1,Not Graduate,No,17711,6457,305,300,1,Urban,Y
LN100209,Male,Yes,0,Graduate,No,8622,1892,79,180,1,Rural,Y
LN100210,Male,Yes,0,Graduate,Yes,7342,3439,330,120,1,Urban,Y
LN100211,Male,No,2,Not Graduate,No,2816,10045,286,300,1,Semiurban,Y
LN100212,Male,No,1,Not Graduate,Yes,14700,2854,297,300,1,Rural,Y
LN100213,Male,No,2,Not Graduate,Yes,19008,9695,417,180,1,Rural,Y
LN100214,Male,No,1,Graduate,Yes,23505,11577,544,180,1,Rural,Y
LN100215,Male,Yes,1,Not Graduate,Yes,23307,11763,74,180,1,Urban,Y
LN100216,Female,No,1,Graduate,No,16706,3792,635,120,0,Semiurban,N
LN100217,Male,No,0,Not Graduate,Yes,20471,11618,539,360,0,Urban,N
LN100218,Female,Yes,3+,Graduate,No,23556,14820,543,180,1,Rural,Y
LN100219,Male,Yes,2,Not Graduate,No,2878,5330,363,360,1,Semiurban,Y
LN100220,Male,Yes,3+,Not Graduate,Yes,21258,7871,655,120,1,Rural,Y
LN100221,Male,No,2,Not Graduate,No,3019,8235,424,360,1,Rural,Y
LN100222,Female,Yes,1,Not Graduate,Yes,23661,3612,688,240,1,Urban,Y
LN100223,Female,Yes,0,Graduate,Yes,9435,2618,74,360,1,Rural,Y
LN100224,Female,Yes,3+,Not Graduate,No,7593,4678,383,180,1,Semiurban,Y
LN100225,Female,No,0,Not Graduate,No,6855,3163,404,120,1,Rural,Y
LN100226,Male,Yes,2,Graduate,Yes,22852,9480,165,180,1,Rural,Y
LN100227,Female,No,0,Not Graduate,No,10583,2942,97,240,1,Urban,Y
LN100228,Male,No,0,Graduate,No,7074,8411,148,180,1,Semiurban,Y
LN100229,Male,Yes,3+,Not Graduate,No,21956,1925,508,180,1,Urban,Y
LN100230,Female,Yes,1,Not Graduate,Yes,14824,2972,572,180,1,Rural,Y
LN100231,Female,No,0,Not Graduate,Yes,3757,11705,646,300,1,Urban,Y
LN100232,Female,Yes,1,Graduate,No,14911,10640,454,240,1,Urban,Y
LN100233,Female,Yes,2,Not Graduate,No,16733,11663,263,180,1,Urban,Y
LN100234,Female,No,0,Not Graduate,No,17387,10966,552,180,1,Urban,Y
LN100235,Female,No,3+,Not Graduate,No,22308,990,497,180,0,Rural,N
LN100236,Female,Yes,2,Graduate,No,21121,11138,625,120,1,Rural,Y
LN100237,Female,No,2,Graduate,Yes,21777,1812,307,300,1,Semiurban,Y
LN100238,Male,Yes,3+,Not Graduate,No,3505,13145,170,120,0,Urban,N
LN100239,Female,Yes,0,Graduate,Yes,19900,8995,103,300,0,Urban,N
LN100240,Female,Yes,0,Not Graduate,No,12360,489,380,180,0,Semiurban,N
LN100241,Male,No,2,Not Graduate,Yes,11570,11748,290,240,1,Urban,Y
LN100242,Female,Yes,0,Not Graduate,No,10888,5876,579,360,1,Semiurban,Y
LN100243,Male,Yes,1,Not Graduate,Yes,19656,9685,532,360,1,Rural,Y
LN100244,Male,Yes,3+,Not Graduate,No,21860,3645,236,180,1,Semiurban,Y
LN100245,Female,No,1,Not Graduate,Yes,19635,7081,311,120,1,Urban,Y
LN100246,Male,No,0,Not Graduate,Yes,16109,2891,413,240,1,Semiurban,Y
LN100247,Male,No,2,Graduate,Yes,24353,9897,540,300,1,Rural,Y
LN100248,Male,No,3+,Graduate,Yes,17863,3516,480,180,1,Urban,Y
LN100249,Male,No,0,Graduate,Yes,21104,3340,288,240,0,Rural,N
LN100250,Female,Yes,0,Graduate,Yes,18423,6410,353,240,1,Rural,Y
LN100251,Male,No,2,Graduate,No,16323,53,347,300,1,Semiurban,Y
LN100252,Female,No,2,Graduate,Yes,19345,2575,125,240,1,Rural,Y
LN100253,Male,No,1,Graduate,No,23068,11783,382,120,1,Urban,Y
LN100254,Male,Yes,3+,Not Graduate,No,10047,615,691,120,1,Rural,Y
LN100255,Male,No,3+,Not Graduate,No,13015,13370,523,120,1,Rural,Y
LN100256,Male,No,2,Not Graduate,No,1734,5944,332,240,1,Semiurban,Y
LN100257,Female,Yes,1,Not Graduate,No,16062,7404,640,120,0,Rural,N
LN100258,Female,No,3+,Graduate,Yes,19432,954,121,300,1,Semiurban,Y
LN100259,Male,Yes,2,Graduate,Yes,8980,10625,312,240,1,Semiurban,Y
LN100260,Male,Yes,0,Not Graduate,Yes,5713,1629,624,360,1,Urban,Y
LN100261,Female,Yes,3+,Not Graduate,No,11793,10973,61,240,1,Urban,Y
LN100262,Male,Yes,1,Graduate,Yes,3173,6859,190,300,1,Urban,Y
LN100263,Male,Yes,1,Not Graduate,Yes,24592,8841,604,360,1,Urban,Y
LN100264,Male,No,1,Not Graduate,Yes,3600,10539,66,240,1,Semiurban,Y
LN100265,Female,Yes,0,Not Graduate,Yes,13349,12682,112,120,1,Rural,Y
LN100266,Female,Yes,3+,Not Graduate,Yes,21632,3278,302,180,1,Urban,Y
LN100267,Female,No,3+,Graduate,No,21057,5455,514,180,1,Urban,Y
LN100268,Male,Yes,0,Not Graduate,Yes,19699,10832,425,120,0,Urban,N
LN100269,Male,No,3+,Not Graduate,No,5341,3801,569,180,1,Rural,Y
LN100270,Female,No,0,Graduate,No,11697,2561,139,180,1,Urban,Y
LN100271,Female,No,0,Graduate,No,9516,11441,679,120,1,Rural,Y
LN100272,Female,Yes,0,Not Graduate,No,8511,6539,224,120,0,Semiurban,N
LN100273,Female,Yes,1,Graduate,No,5993,370,125,240,1,Semiurban,Y
LN100274,Male,Yes,3+,Not Graduate,Yes,18558,857,662,240,0,Semiurban,N
LN100275,Female,No,0,Not Graduate,Yes,10078,4886,449,120,1,Rural,Y
LN100276,Male,Yes,3+,Graduate,Yes,3658,12945,120,300,1,Urban,Y
LN100277,Female,Yes,1,Not Graduate,No,20545,7485,229,180,1,Urban,Y
LN100278,Male,Yes,0,Not Graduate,Yes,3564,13680,173,240,1,Urban,Y
LN100279,Female,No,2,Not Graduate,Yes,4753,383,430,180,1,Urban,Y
LN100280,Female,No,1,Not Graduate,No,22863,14397,342,360,1,Urban,Y
LN100281,Female,Yes,2,Graduate,No,14328,12069,244,120,1,Rural,Y
LN100282,Female,Yes,3+,Graduate,No,2901,10744,277,300,1,Semiurban,Y
LN100283,Male,Yes,3+,Not Graduate,No,21143,4334,480,360,1,Urban,Y
LN100284,Female,Yes,1,Graduate,Yes,16693,4290,485,360,1,Semiurban,Y
LN100285,Male,No,3+,Not Graduate,No,13596,2725,510,360,1,Rural,Y
LN100286,Male,No,2,Not Graduate,No,21807,12226,667,120,1,Rural,Y
LN100287,Male,No,0,Not Graduate,Yes,5714,11485,70,240,1,Urban,Y
LN100288,Male,No,0,Not Graduate,Yes,21111,6204,113,120,1,Rural,Y
LN100289,Female,Yes,0,Not Graduate,No,12523,13440,214,240,1,Semiurban,Y
LN100290,Male,Yes,1,Graduate,Yes,13450,6111,76,360,1,Urban,Y
LN100291,Male,Yes,3+,Not Graduate,No,12204,4251,360,360,1,Urban,Y
LN100292,Male,No,2,Graduate,No,11843,12180,334,300,1,Semiurban,Y
LN100293,Female,Yes,3+,Graduate,Yes,13367,922,330,240,0,Urban,N
LN100294,Female,No,3+,Not Graduate,Yes,4245,2915,213,360,1,Urban,Y
LN100295,Female,No,3+,Not Graduate,No,23975,11142,273,180,1,Semiurban,Y
LN100296,Female,Yes,0,Not Graduate,No,5366,7957,195,300,1,Urban,Y
LN100297,Male,Yes,2,Not Graduate,No,13456,13897,79,120,1,Urban,Y
LN100298,Male,Yes,2,Not Graduate,Yes,7318,3046,94,300,1,Semiurban,Y
LN100299,Female,No,3+,Graduate,No,20106,9166,520,180,1,Rural,Y
LN100300,Male,Yes,0,Not Graduate,No,17593,1230,83,240,0,Semiurban,N
LN100301,Male,No,0,Not Graduate,No,20676,10627,476,120,1,Urban,Y
LN100302,Male,Yes,2,Graduate,No,16993,7647,270,120,1,Semiurban,Y
LN100303,Female,No,0,Graduate,No,21947,10006,583,240,1,Urban,Y
LN100304,Female,No,0,Not Graduate,Yes,19408,11126,416,300,1,Urban,Y
LN100305,Male,Yes,0,Graduate,No,9724,4933,599,360,1,Semiurban,Y
LN100306,Female,No,1,Not Graduate,No,24082,14295,631,300,1,Urban,Y
LN100307,Female,No,3+,Graduate,No,5525,9555,165,180,0,Rural,N
LN100308,Female,Yes,2,Graduate,No,20450,3940,288,360,1,Urban,Y
LN100309,Female,No,2,Not Graduate,Yes,20687,6483,384,300,0,Semiurban,N
LN100310,Female,Yes,1,Graduate,Yes,21593,203,490,240,1,Rural,Y
LN100311,Male,No,3+,Graduate,Yes,7655,160,197,180,1,Rural,Y
LN100312,Female,Yes,2,Graduate,No,15339,12679,58,180,1,Urban,Y
LN100313,Male,Yes,0,Graduate,No,2219,8960,337,180,1,Semiurban,Y
LN100314,Male,No,2,Graduate,Yes,16390,3748,437,360,1,Urban,Y
LN100315,Female,No,0,Graduate,Yes,24400,6718,99,120,1,Urban,Y
LN100316,Male,No,1,Not Graduate,Yes,22463,2581,566,360,0,Semiurban,N
LN100317,Male,No,0,Not Graduate,No,18856,1093,687,300,1,Semiurban,Y
LN100318,Male,No,2,Graduate,No,21602,4500,636,120,0,Urban,N
LN100319,Female,Yes,2,Not Graduate,Yes,22286,8799,327,300,1,Rural,Y
LN100320,Female,No,2,Not Graduate,Yes,22436,5710,349,120,1,Urban,Y
LN100321,Male,Yes,1,Not Graduate,Yes,20091,9732,638,360,1,Rural,Y
LN100322,Female,Yes,1,Graduate,No,5926,2875,698,180,1,Urban,Y
LN100323,Female,No,3+,Not Graduate,No,24803,3191,667,240,1,Semiurban,Y
LN100324,Female,Yes,2,Graduate,No,14012,1837,656,180,1,Rural,Y
LN100325,Female,Yes,0,Not Graduate,Yes,16564,689,184,360,1,Semiurban,Y
LN100326,Male,Yes,1,Graduate,Yes,15267,3759,629,120,1,Semiurban,Y
LN100327,Male,Yes,2,Graduate,No,12808,11141,196,180,1,Semiurban,Y
LN100328,Female,No,2,Not Graduate,Yes,12977,13528,539,360,1,Semiurban,Y
LN100329,Female,Yes,1,Not Graduate,No,14403,2103,527,300,1,Semiurban,Y
LN100330,Male,No,3+,Graduate,Yes,10180,365,208,240,1,Urban,Y
LN100331,Male,No,1,Not Graduate,Yes,3704,14010,433,180,1,Rural,Y
LN100332,Female,Yes,1,Not Graduate,Yes,23229,11767,212,120,0,Urban,N
LN100333,Male,No,0,Not Graduate,Yes,21160,8092,490,300,0,Urban,N
LN100334,Female,No,0,Graduate,No,2602,12742,238,360,1,Urban,Y
LN100335,Female,No,3+,Graduate,Yes,6743,12391,464,240,1,Semiurban,Y
LN100336,Male,Yes,2,Not Graduate,No,8114,4172,388,120,0,Urban,N
LN100337,Male,No,1,Not Graduate,No,17799,12517,656,360,1,Rural,Y
LN100338,Female,No,3+,Not Graduate,No,10207,6033,230,360,1,Urban,Y
LN100339,Female,No,0,Graduate,Yes,15413,2378,337,180,1,Semiurban,Y
LN100340,Male,Yes,1,Graduate,No,23107,1205,236,180,1,Rural,Y
LN100341,Female,No,2,Not Graduate,No,2130,4988,187,120,0,Rural,N
LN100342,Male,Yes,0,Not Graduate,No,13408,12031,179,360,1,Rural,Y
LN100343,Female,Yes,0,Not Graduate,Yes,12347,5669,243,180,1,Rural,Y
LN100344,Male,Yes,0,Not Graduate,Yes,10671,2735,365,240,1,Urban,Y
LN100345,Male,Yes,3+,Not Graduate,No,14221,14362,193,240,1,Semiurban,Y
LN100346,Male,Yes,2,Not Graduate,Yes,24567,11539,65,360,1,Rural,Y
LN100347,Female,Yes,1,Graduate,No,18161,9867,351,180,1,Rural,Y
LN100348,Female,No,3+,Not Graduate,No,18116,8490,472,120,0,Semiurban,N
LN100349,Male,Yes,3+,Graduate,Yes,11244,956,294,120,1,Urban,Y
LN100350,Female,No,3+,Not Graduate,No,7190,9306,156,120,1,Rural,Y
LN100351,Male,No,0,Not Graduate,Yes,14901,6623,137,240,0,Urban,N
LN100352,Male,Yes,2,Graduate,Yes,9159,14908,178,180,1,Urban,Y
LN100353,Female,No,3+,Graduate,No,12101,10697,390,180,1,Urban,Y
LN100354,Female,No,1,Graduate,Yes,13204,1474,53,240,1,Urban,Y
LN100355,Male,No,2,Graduate,Yes,1525,4460,376,120,1,Rural,Y
LN100356,Female,No,1,Not Graduate,No,16884,7002,459,120,1,Rural,Y
LN100357,Female,Yes,2,Graduate,No,15205,13986,355,360,0,Urban,N
LN100358,Male,No,1,Not Graduate,Yes,24294,12638,656,300,1,Urban,Y
LN100359,Male,Yes,0,Graduate,Yes,10152,11918,274,180,1,Semiurban,Y
LN100360,Female,No,3+,Not Graduate,No,21648,11663,397,180,1,Semiurban,Y
LN100361,Male,No,1,Not Graduate,Yes,24483,6396,370,180,1,Semiurban,Y
LN100362,Male,Yes,2,Not Graduate,Yes,14879,2828,608,300,1,Rural,Y
LN100363,Female,No,3+,Not Graduate,Yes,22986,14192,230,360,0,Semiurban,N
LN100364,Male,No,3+,Not Graduate,Yes,8506,2850,667,300,1,Rural,Y
LN100365,Male,No,2,Not Graduate,Yes,21367,13299,435,120,0,Rural,N
LN100366,Female,Yes,1,Graduate,Yes,19878,10698,667,120,0,Rural,N
LN100367,Female,No,0,Not Graduate,Yes,10182,11962,157,180,1,Rural,Y
LN100368,Male,Yes,0,Graduate,No,2572,2964,580,240,1,Semiurban,Y
LN100369,Male,No,1,Graduate,No,24591,4594,459,180,1,Urban,Y
LN100370,Female,Yes,3+,Not Graduate,No,1715,9141,345,240,0,Urban,N
LN100371,Female,Yes,3+,Graduate,No,11415,14282,220,300,0,Urban,N
LN100372,Female,No,3+,Not Graduate,No,11284,14334,380,120,0,Semiurban,N
LN100373,Female,No,3+,Graduate,Yes,20490,12795,542,240,0,Urban,N
LN100374,Male,Yes,1,Not Graduate,Yes,16324,13615,244,300,1,Semiurban,Y
LN100375,Female,Yes,3+,Graduate,Yes,22665,6644,61,120,1,Semiurban,Y
LN100376,Female,No,2,Not Graduate,Yes,4813,2850,244,240,0,Semiurban,N
LN100377,Male,Yes,3+,Not Graduate,No,12533,14933,539,180,1,Urban,Y
LN100378,Female,No,0,Not Graduate,Yes,11468,165,231,180,1,Urban,Y
LN100379,Male,No,3+,Not Graduate,Yes,17741,11678,365,180,0,Urban,N
LN100380,Female,No,1,Graduate,No,7439,10701,79,300,0,Rural,N
LN100381,Female,No,0,Not Graduate,Yes,16196,919,645,180,1,Semiurban,Y
LN100382,Female,Yes,1,Graduate,Yes,16294,8305,145,360,1,Rural,Y
LN100383,Male,No,1,Graduate,No,3795,3504,430,120,1,Semiurban,Y
LN100384,Male,Yes,0,Graduate,Yes,23569,991,493,300,0,Urban,N
LN100385,Female,No,1,Not Graduate,Yes,3196,6047,347,180,1,Semiurban,Y
LN100386,Male,Yes,1,Graduate,Yes,12685,14542,410,120,1,Semiurban,Y
LN100387,Male,No,3+,Graduate,Yes,19830,3839,423,240,1,Rural,Y
LN100388,Male,Yes,2,Graduate,Yes,13501,1258,603,180,1,Semiurban,Y
LN100389,Male,Yes,1,Not Graduate,No,15850,7609,352,120,1,Urban,Y
LN100390,Male,No,1,Not Graduate,No,20667,11618,470,360,1,Semiurban,Y
LN100391,Male,No,1,Graduate,No,5144,8706,295,240,1,Semiurban,Y
LN100392,Female,No,3+,Not Graduate,No,23125,13519,286,360,1,Semiurban,Y
LN100393,Female,No,2,Not Graduate,No,7920,4804,583,120,0,Rural,N
LN100394,Male,Yes,0,Graduate,No,13337,11388,234,360,1,Semiurban,Y
LN100395,Female,No,3+,Graduate,Yes,20529,14473,517,120,0,Semiurban,N
LN100396,Female,Yes,3+,Not Graduate,No,24473,12626,412,120,1,Rural,Y
LN100397,Female,Yes,2,Graduate,No,7853,10776,332,360,1,Rural,Y
LN100398,Female,No,2,Not Graduate,Yes,12041,67,602,120,1,Rural,Y
LN100399,Male,Yes,3+,Not Graduate,Yes,3432,9788,385,180,1,Rural,Y
LN100400,Female,Yes,0,Not Graduate,No,12986,5660,211,120,1,Urban,Y
LN100401,Female,Yes,3+,Not Graduate,Yes,3257,4478,209,300,1,Urban,Y
LN100402,Male,Yes,2,Not Graduate,No,6585,8210,523,120,1,Semiurban,Y
LN100403,Male,No,0,Not Graduate,Yes,7137,10922,650,300,1,Urban,Y
LN100404,Female,No,2,Graduate,No,2616,3521,371,120,0,Semiurban,N
LN100405,Female,No,0,Graduate,Yes,12259,14409,61,120,0,Urban,N
LN100406,Female,No,1,Not Graduate,Yes,13191,572,473,360,1,Rural,Y
LN100407,Female,Yes,2,Not Graduate,No,1992,7082,122,180,1,Rural,Y
LN100408,Female,Yes,2,Not Graduate,No,10311,7832,637,180,1,Urban,Y
LN100409,Female,No,3+,Graduate,No,7974,5395,250,240,1,Urban,Y
LN100410,Male,No,2,Not Graduate,No,15885,2258,571,360,1,Semiurban,Y
LN100411,Female,No,2,Graduate,No,11238,11094,554,360,1,Semiurban,Y
LN100412,Female,Yes,1,Not Graduate,Yes,22842,6039,88,180,0,Semiurban,N
LN100413,Male,No,2,Not Graduate,No,15479,650,109,360,1,Rural,Y
LN100414,Male,No,1,Graduate,No,13255,5741,627,180,1,Rural,Y
LN100415,Male,No,1,Graduate,Yes,11297,13281,370,360,1,Rural,Y
LN100416,Male,Yes,1,Not Graduate,Yes,16107,6838,484,120,1,Rural,Y
LN100417,Female,Yes,1,Not Graduate,No,14367,2587,685,180,0,Semiurban,N
LN100418,Female,Yes,0,Not Graduate,Yes,20627,7876,457,180,0,Rural,N
LN100419,Female,Yes,3+,Graduate,Yes,9366,3262,435,300,1,Rural,Y
LN100420,Female,Yes,0,Graduate,No,16949,1338,618,360,1,Rural,Y
LN100421,Female,Yes,2,Graduate,Yes,12185,4996,127,360,0,Rural,N
LN100422,Female,Yes,0,Graduate,Yes,6951,11826,243,180,0,Urban,N
LN100423,Male,Yes,0,Graduate,No,23142,5780,334,120,1,Semiurban,Y
LN100424,Female,No,2,Graduate,No,10048,2827,576,120,0,Semiurban,N
LN100425,Male,No,2,Not Graduate,Yes,8686,13873,573,120,1,Rural,Y
LN100426,Male,Yes,2,Not Graduate,Yes,7602,14211,662,360,1,Urban,Y
LN100427,Female,Yes,0,Graduate,No,2119,14069,205,300,1,Semiurban,Y
LN100428,Male,No,0,Not Graduate,Yes,2382,5232,389,180,0,Semiurban,N
LN100429,Female,Yes,2,Not Graduate,Yes,5142,2217,174,240,1,Rural,Y
LN100430,Male,Yes,3+,Graduate,Yes,2796,3539,329,300,1,Rural,Y
LN100431,Female,Yes,3+,Not Graduate,No,15622,7845,671,240,1,Semiurban,Y
LN100432,Male,No,1,Graduate,Yes,4395,14232,177,300,1,Semiurban,Y
LN100433,Female,No,2,Graduate,Yes,24477,9229,363,120,0,Urban,N
LN100434,Female,No,1,Not Graduate,No,18813,14026,381,360,1,Semiurban,Y
LN100435,Female,No,3+,Graduate,Yes,6866,4383,199,240,1,Semiurban,Y
LN100436,Female,No,1,Graduate,Yes,10211,12170,503,300,1,Rural,Y
LN100437,Female,Yes,2,Graduate,No,21096,14524,85,360,1,Semiurban,Y
LN100438,Male,No,2,Graduate,No,20293,2961,469,240,1,Rural,Y
LN100439,Male,Yes,2,Graduate,No,9699,3226,71,180,1,Semiurban,Y
LN100440,Male,Yes,0,Graduate,No,12217,13878,255,300,0,Semiurban,N
LN100441,Female,No,1,Graduate,Yes,4923,6837,688,180,1,Semiurban,Y
LN100442,Male,No,3+,Graduate,Yes,11711,14033,405,120,1,Urban,Y
LN100443,Female,Yes,3+,Not Graduate,No,14282,7031,489,180,1,Rural,Y
LN100444,Female,Yes,3+,Not Graduate,No,24860,14806,145,180,1,Urban,Y
LN100445,Male,Yes,0,Not Graduate,Yes,23042,9290,213,300,1,Semiurban,Y
LN100446,Male,No,0,Graduate,No,13974,10516,197,120,0,Urban,N
LN100447,Female,No,2,Graduate,Yes,5167,9131,579,180,0,Rural,N
LN100448,Male,No,3+,Not Graduate,No,23857,3716,343,360,0,Semiurban,N
LN100449,Female,No,0,Not Graduate,Yes,24120,3414,244,240,0,Urban,N
LN100450,Female,No,2,Not Graduate,No,9777,1448,529,180,1,Urban,Y
LN100451,Female,Yes,3+,Graduate,No,13924,570,172,120,1,Rural,Y
LN100452,Female,No,1,Not Graduate,Yes,20352,2904,449,180,1,Urban,Y
LN100453,Female,Yes,2,Not Graduate,No,24101,13288,501,240,1,Rural,Y
LN100454,Male,Yes,0,Graduate,Yes,21503,13493,153,120,1,Semiurban,Y
LN100455,Male,Yes,0,Not Graduate,Yes,19520,2505,511,300,1,Semiurban,Y
LN100456,Female,No,2,Graduate,Yes,9655,917,445,120,0,Urban,N
LN100457,Female,No,2,Graduate,Yes,5083,10066,386,300,1,Semiurban,Y
LN100458,Male,No,0,Graduate,Yes,17015,13120,648,120,1,Semiurban,Y
LN100459,Male,Yes,1,Not Graduate,No,5509,6982,191,240,1,Urban,Y
LN100460,Female,Yes,3+,Not Graduate,No,21210,7427,366,240,1,Semiurban,Y
LN100461,Male,Yes,1,Graduate,Yes,11910,6336,607,120,1,Urban,Y
LN100462,Female,Yes,2,Not Graduate,No,20101,1678,576,180,0,Rural,N
LN100463,Male,Yes,1,Not Graduate,Yes,6467,615,605,240,1,Rural,Y
LN100464,Female,Yes,0,Not Graduate,No,20253,12693,450,300,1,Rural,Y
LN100465,Male,No,2,Not Graduate,No,21522,9941,359,300,0,Urban,N
LN100466,Female,No,3+,Graduate,No,12195,12017,544,360,1,Urban,Y
LN100467,Male,No,0,Not Graduate,No,10635,7086,605,300,1,Semiurban,Y
LN100468,Male,No,0,Graduate,Yes,7222,12380,659,360,1,Semiurban,Y
LN100469,Female,Yes,3+,Graduate,Yes,17014,10669,158,120,1,Semiurban,Y
LN100470,Male,Yes,3+,Not Graduate,No,12628,4749,421,120,1,Semiurban,Y
LN100471,Female,No,1,Graduate,No,5944,3505,665,120,1,Semiurban,Y
LN100472,Male,Yes,2,Not Graduate,Yes,9118,11667,255,180,1,Urban,Y
LN100473,Female,No,3+,Not Graduate,No,21831,4529,92,180,1,Urban,Y
LN100474,Male,No,3+,Graduate,Yes,19560,1135,294,360,1,Rural,Y
LN100475,Female,No,2,Graduate,Yes,2696,12192,336,300,0,Rural,N
LN100476,Male,Yes,3+,Graduate,Yes,13797,8566,404,300,1,Rural,Y
LN100477,Female,No,3+,Graduate,No,4287,7226,525,120,0,Rural,N
LN100478,Male,No,1,Not Graduate,Yes,9427,5162,132,240,1,Urban,Y
LN100479,Female,No,0,Not Graduate,No,21202,206,159,180,1,Urban,Y
LN100480,Female,Yes,0,Not Graduate,Yes,24573,4875,239,180,1,Urban,Y
LN100481,Female,Yes,0,Graduate,No,3676,1319,300,120,1,Semiurban,Y
LN100482,Male,No,0,Graduate,No,21627,1141,340,180,0,Semiurban,N
LN100483,Female,Yes,3+,Graduate,No,10292,4627,694,120,1,Rural,Y
LN100484,Male,Yes,2,Not Graduate,Yes,22306,7389,250,360,1,Semiurban,Y
LN100485,Female,Yes,2,Graduate,Yes,21708,14501,375,300,1,Urban,Y
LN100486,Male,Yes,1,Not Graduate,No,10671,2690,560,240,0,Rural,N
LN100487,Female,Yes,1,Graduate,No,3951,7323,458,300,1,Rural,Y
LN100488,Male,Yes,3+,Not Graduate,No,2128,3255,656,300,1,Semiurban,Y
LN100489,Male,Yes,2,Not Graduate,Yes,11321,8281,557,360,1,Rural,Y
LN100490,Female,Yes,2,Graduate,Yes,9278,5213,650,180,0,Semiurban,N
LN100491,Male,Yes,0,Graduate,Yes,5196,4108,121,240,1,Semiurban,Y
LN100492,Male,Yes,3+,Not Graduate,Yes,21558,3020,296,180,1,Rural,Y
LN100493,Female,No,3+,Not Graduate,No,21813,1857,690,300,1,Semiurban,Y
LN100494,Male,No,0,Graduate,No,20649,8996,657,120,1,Semiurban,Y
LN100495,Male,Yes,3+,Graduate,Yes,22253,9136,636,300,1,Semiurban,Y
LN100496,Male,No,3+,Not Graduate,Yes,14472,2789,615,180,0,Semiurban,N
LN100497,Female,No,1,Graduate,No,9807,14145,393,300,1,Rural,Y
LN100498,Male,Yes,2,Not Graduate,Yes,6456,3875,103,120,1,Urban,Y
LN100499,Female,Yes,3+,Not Graduate,Yes,11695,7605,577,360,0,Urban,N
LN100500,Male,Yes,1,Graduate,Yes,18576,9802,660,180,1,Semiurban,Y
LN100501,Male,No,2,Graduate,Yes,21046,8135,581,300,1,Semiurban,Y
LN100502,Male,No,0,Graduate,Yes,2605,11115,607,180,1,Semiurban,Y
LN100503,Female,Yes,1,Graduate,Yes,20892,6055,242,360,1,Urban,Y
LN100504,Male,Yes,1,Graduate,No,20045,3882,107,300,0,Semiurban,N
LN100505,Male,Yes,2,Not Graduate,Yes,16917,11413,486,300,1,Rural,Y
LN100506,Female,No,0,Not Graduate,Yes,15688,14995,160,180,1,Rural,Y
LN100507,Male,No,1,Graduate,No,21583,7175,178,180,0,Rural,N
LN100508,Female,No,3+,Graduate,No,14102,13340,375,120,1,Urban,Y
LN100509,Female,No,3+,Graduate,No,21670,12583,57,360,1,Semiurban,Y
LN100510,Male,Yes,3+,Not Graduate,Yes,10756,7129,78,120,1,Semiurban,Y
LN100511,Female,Yes,0,Graduate,No,22084,5021,161,300,0,Semiurban,N
LN100512,Male,Yes,1,Graduate,Yes,15712,4735,180,180,1,Urban,Y
LN100513,Female,Yes,3+,Not Graduate,Yes,3413,2387,237,300,0,Urban,N
LN100514,Female,No,0,Not Graduate,Yes,23404,12915,524,300,1,Urban,Y
LN100515,Male,No,3+,Graduate,No,12093,6582,413,240,0,Urban,N
LN100516,Female,Yes,2,Graduate,No,3272,13455,253,240,1,Rural,Y
LN100517,Female,Yes,1,Graduate,No,20664,9133,261,300,1,Urban,Y
LN100518,Female,No,1,Not Graduate,No,14496,13117,670,180,1,Urban,Y
LN100519,Female,Yes,0,Graduate,No,4371,5866,325,300,1,Urban,Y
LN100520,Female,No,0,Graduate,Yes,14734,2566,122,240,0,Semiurban,N
LN100521,Male,Yes,1,Graduate,Yes,18544,975,292,180,1,Semiurban,Y
LN100522,Female,Yes,3+,Not Graduate,Yes,24126,7212,151,300,1,Semiurban,Y
LN100523,Male,Yes,3+,Not Graduate,Yes,12021,9146,220,360,1,Rural,Y
LN100524,Female,Yes,2,Graduate,No,12142,1262,237,360,0,Rural,N
LN100525,Male,Yes,3+,Graduate,No,2632,5047,490,300,1,Urban,Y
LN100526,Male,Yes,0,Not Graduate,Yes,2199,9135,135,180,1,Semiurban,Y
LN100527,Female,Yes,0,Not Graduate,No,16034,10394,525,300,1,Rural,Y
LN100528,Female,No,3+,Not Graduate,No,11730,13492,101,300,0,Semiurban,N
LN100529,Female,No,0,Not Graduate,Yes,7797,7382,160,240,1,Rural,Y
LN100530,Male,No,1,Not Graduate,Yes,14339,6231,92,360,1,Rural,Y
LN100531,Female,No,1,Not Graduate,No,9312,3327,260,240,1,Urban,Y
LN100532,Male,No,3+,Not Graduate,No,6057,5630,249,240,1,Urban,Y
LN100533,Male,Yes,1,Not Graduate,Yes,3679,13384,676,300,1,Rural,Y
LN100534,Male,Yes,1,Not Graduate,Yes,12530,12466,75,240,1,Urban,Y
LN100535,Female,No,2,Graduate,Yes,10565,2259,348,360,1,Rural,Y
LN100536,Female,Yes,2,Graduate,No,9775,10020,126,240,1,Rural,Y
LN100537,Male,No,1,Graduate,Yes,19306,1257,186,360,1,Semiurban,Y
LN100538,Male,No,3+,Not Graduate,Yes,16589,464,69,240,0,Urban,N
LN100539,Female,Yes,2,Graduate,No,4680,14062,489,360,1,Urban,Y
LN100540,Male,Yes,0,Not Graduate,No,22200,3294,260,240,1,Urban,Y
LN100541,Female,Yes,0,Not Graduate,No,8196,6774,600,240,0,Semiurban,N
LN100542,Male,No,0,Graduate,No,11083,7431,484,180,1,Semiurban,Y
LN100543,Female,Yes,3+,Not Graduate,No,18498,1230,256,360,0,Semiurban,N
LN100544,Male,No,1,Graduate,Yes,15369,10846,488,360,1,Urban,Y
LN100545,Female,No,0,Graduate,Yes,13257,9076,91,360,1,Urban,Y
LN100546,Male,No,3+,Graduate,No,22454,3805,460,120,1,Urban,Y
LN100547,Female,Yes,2,Not Graduate,No,18154,14701,572,240,1,Semiurban,Y
LN100548,Female,Yes,1,Graduate,No,13758,6419,659,360,0,Semiurban,N
LN100549,Male,No,2,Not Graduate,No,3968,14715,476,120,1,Rural,Y
LN100550,Male,Yes,3+,Graduate,No,15708,13620,324,180,0,Semiurban,N
LN100551,Female,Yes,0,Graduate,Yes,16542,5750,497,360,1,Rural,Y
LN100552,Male,Yes,0,Graduate,Yes,17139,13232,418,360,1,Urban,Y
LN100553,Female,No,3+,Not Graduate,Yes,13046,3856,269,120,1,Semiurban,Y
LN100554,Male,No,0,Not Graduate,Yes,13827,3135,626,240,1,Urban,Y
LN100555,Female,Yes,1,Not Graduate,No,15770,6953,281,180,1,Urban,Y
LN100556,Female,No,3+,Graduate,Yes,17023,9116,377,360,1,Urban,Y
LN100557,Female,Yes,2,Graduate,No,15800,6034,492,240,1,Urban,Y
LN100558,Female,Yes,3+,Not Graduate,No,21491,4589,101,180,1,Semiurban,Y
LN100559,Female,Yes,1,Not Graduate,No,12275,1546,425,300,1,Urban,Y
LN100560,Female,Yes,1,Not Graduate,Yes,13765,6065,312,300,1,Rural,Y
LN100561,Male,No,3+,Not Graduate,No,20959,1094,316,180,1,Semiurban,Y
LN100562,Male,No,3+,Not Graduate,Yes,18173,2411,408,120,0,Urban,N
LN100563,Male,No,0,Not Graduate,Yes,8114,2617,366,180,1,Semiurban,Y
LN100564,Female,Yes,1,Graduate,No,4752,14113,373,180,0,Rural,N
LN100565,Female,Yes,3+,Not Graduate,No,8915,8954,612,120,1,Urban,Y
LN100566,Female,Yes,3+,Graduate,No,24655,10515,678,120,0,Rural,N
LN100567,Female,No,1,Graduate,Yes,18162,4145,470,240,1,Urban,Y
LN100568,Male,Yes,3+,Not Graduate,No,12616,2775,95,240,1,Rural,Y
LN100569,Male,No,0,Not Graduate,Yes,18464,13193,649,120,1,Urban,Y
LN100570,Female,No,1,Graduate,No,6458,12851,318,300,1,Semiurban,Y
LN100571,Male,No,0,Not Graduate,No,5776,13070,650,300,1,Urban,Y
LN100572,Male,No,0,Not Graduate,Yes,6276,6628,430,180,1,Semiurban,Y
LN100573,Female,No,0,Graduate,Yes,18708,3155,167,360,1,Urban,Y
LN100574,Male,No,0,Graduate,Yes,5332,3970,615,180,0,Urban,N
LN100575,Female,Yes,1,Graduate,Yes,16401,7972,165,180,1,Rural,Y
LN100576,Male,Yes,0,Not Graduate,Yes,6945,10232,679,360,1,Rural,Y
LN100577,Female,No,0,Graduate,Yes,2880,14119,309,120,1,Rural,Y
LN100578,Female,No,3+,Not Graduate,No,11365,8775,124,300,0,Urban,N
LN100579,Female,Yes,1,Graduate,No,24418,5415,529,180,1,Urban,Y
LN100580,Female,No,1,Graduate,Yes,15426,4331,354,360,1,Urban,Y
LN100581,Male,No,2,Graduate,No,21040,10295,56,240,1,Semiurban,Y
LN100582,Female,Yes,1,Not Graduate,Yes,13080,1942,415,180,1,Semiurban,Y
LN100583,Female,No,1,Not Graduate,No,22191,12647,683,300,1,Urban,Y
LN100584,Female,No,2,Graduate,No,7134,6026,572,120,1,Rural,Y
LN100585,Male,No,1,Graduate,Yes,7310,8301,397,180,1,Rural,Y
LN100586,Female,Yes,1,Graduate,Yes,23818,191,487,180,1,Rural,Y
LN100587,Male,Yes,1,Not Graduate,Yes,11679,9095,264,360,1,Urban,Y
LN100588,Female,Yes,1,Graduate,No,13751,13404,478,240,0,Rural,N
LN100589,Male,No,2,Not Graduate,Yes,14631,861,547,240,0,Urban,N
LN100590,Male,No,1,Graduate,No,20993,6711,589,120,1,Semiurban,Y
LN100591,Female,Yes,1,Graduate,Yes,21966,9275,416,300,1,Rural,Y
LN100592,Male,No,2,Graduate,No,14207,649,362,120,1,Semiurban,Y
LN100593,Female,No,3+,Graduate,No,21124,4134,587,180,0,Rural,N
LN100594,Female,No,0,Graduate,Yes,23912,11803,103,180,0,Urban,N
LN100595,Female,No,3+,Graduate,No,19733,7587,590,240,1,Urban,Y
LN100596,Male,No,2,Not Graduate,No,4249,8828,516,300,0,Urban,N
LN100597,Male,Yes,0,Graduate,Yes,14656,1036,213,360,1,Urban,Y
LN100598,Female,No,2,Not Graduate,No,24564,4131,383,300,0,Rural,N
LN100599,Female,Yes,2,Graduate,Yes,18089,2148,596,180,0,Semiurban,N
LN100600,Male,No,1,Graduate,Yes,22475,12057,397,360,1,Urban,Y
LN100601,Female,Yes,0,Not Graduate,Yes,4950,11349,322,300,1,Rural,Y
LN100602,Female,No,1,Graduate,Yes,8714,11779,463,300,1,Semiurban,Y
LN100603,Female,Yes,0,Not Graduate,No,21695,11486,549,360,1,Urban,Y
LN100604,Male,No,2,Not Graduate,No,13314,5457,142,180,1,Semiurban,Y
LN100605,Male,Yes,2,Graduate,No,6641,6079,128,300,1,Urban,Y
LN100606,Male,No,3+,Not Graduate,Yes,4208,12453,671,360,1,Semiurban,Y
LN100607,Female,Yes,0,Not Graduate,No,19875,2430,266,180,1,Semiurban,Y
LN100608,Female,No,1,Graduate,No,16588,1879,407,360,0,Urban,N
LN100609,Female,Yes,3+,Not Graduate,Yes,13334,12158,667,360,1,Rural,Y
LN100610,Male,Yes,3+,Graduate,Yes,13778,11905,556,300,0,Semiurban,N
LN100611,Female,No,3+,Graduate,No,11514,12318,608,180,1,Urban,Y
LN100612,Female,No,1,Graduate,Yes,4773,7542,230,300,1,Semiurban,Y
LN100613,Female,Yes,3+,Graduate,Yes,15867,12298,625,120,1,Semiurban,Y
LN100614,Female,No,1,Not Graduate,Yes,6038,2011,295,120,1,Rural,Y
LN100615,Male,Yes,3+,Graduate,Yes,14041,3373,293,180,1,Semiurban,Y
LN100616,Male,Yes,1,Graduate,No,10212,10335,555,360,1,Semiurban,Y
LN100617,Female,Yes,2,Not Graduate,Yes,10668,7357,471,300,1,Urban,Y
LN100618,Male,No,2,Graduate,Yes,21606,10692,369,300,1,Urban,Y
LN100619,Male,Yes,2,Graduate,Yes,5051,14527,136,180,1,Rural,Y
LN100620,Female,Yes,2,Not Graduate,Yes,13797,12773,266,180,1,Semiurban,Y
LN100621,Female,No,2,Not Graduate,Yes,12465,1289,539,120,0,Semiurban,N
LN100622,Male,No,3+,Not Graduate,Yes,4332,1447,568,240,0,Semiurban,N
LN100623,Female,No,3+,Not Graduate,Yes,23563,3199,327,180,1,Rural,Y
LN100624,Male,No,3+,Not Graduate,Yes,24463,6381,218,240,1,Semiurban,Y
LN100625,Female,Yes,1,Not Graduate,No,14922,10135,379,180,1,Urban,Y
LN100626,Male,Yes,1,Not Graduate,Yes,1652,7522,699,360,1,Rural,Y
LN100627,Female,Yes,1,Graduate,No,23638,6059,490,360,1,Urban,Y
LN100628,Male,Yes,1,Not Graduate,Yes,12656,3183,440,120,1,Urban,Y
LN100629,Male,No,2,Not Graduate,Yes,12608,14139,545,120,1,Rural,Y
LN100630,Male,Yes,2,Not Graduate,Yes,4300,13757,430,240,0,Urban,N
LN100631,Female,Yes,2,Graduate,Yes,6810,5462,355,180,1,Semiurban,Y
LN100632,Male,No,0,Graduate,No,11444,3216,562,300,1,Rural,Y
LN100633,Male,Yes,3+,Not Graduate,Yes,4110,3136,237,120,1,Urban,Y
LN100634,Female,Yes,1,Not Graduate,Yes,13567,3318,565,300,1,Semiurban,Y
LN100635,Female,Yes,1,Not Graduate,No,2604,2782,693,300,1,Semiurban,Y
LN100636,Male,Yes,2,Graduate,No,12228,9182,476,180,1,Urban,Y
LN100637,Male,Yes,1,Graduate,Yes,22083,7657,551,240,1,Semiurban,Y
LN100638,Female,Yes,1,Not Graduate,No,21738,4920,309,180,1,Rural,Y
LN100639,Female,No,3+,Graduate,No,8763,13750,562,120,0,Urban,N
LN100640,Female,No,2,Not Graduate,No,3414,10345,120,300,1,Semiurban,Y
LN100641,Female,Yes,3+,Graduate,Yes,20956,6324,527,180,1,Semiurban,Y
LN100642,Female,Yes,0,Graduate,Yes,1906,6327,227,180,1,Urban,Y
LN100643,Male,No,0,Not Graduate,Yes,15189,8417,506,180,1,Urban,Y
LN100644,Female,Yes,0,Not Graduate,No,1666,776,238,120,0,Urban,N
LN100645,Male,Yes,2,Not Graduate,Yes,2008,11029,340,240,0,Urban,N
LN100646,Male,Yes,1,Not Graduate,No,19545,5208,569,180,1,Rural,Y
LN100647,Male,No,2,Graduate,Yes,5164,687,341,120,1,Urban,Y
LN100648,Female,Yes,2,Graduate,Yes,21373,529,684,300,1,Rural,Y
LN100649,Male,No,1,Graduate,No,14550,11634,332,360,1,Rural,Y
LN100650,Male,Yes,3+,Not Graduate,Yes,2180,5067,593,120,1,Urban,Y
LN100651,Female,No,0,Graduate,No,20408,13223,426,360,1,Rural,Y
LN100652,Male,No,3+,Not Graduate,No,20004,8080,205,180,1,Urban,Y
LN100653,Male,Yes,0,Graduate,Yes,23144,5518,557,180,1,Urban,Y
LN100654,Female,No,2,Not Graduate,No,5857,2153,462,120,1,Semiurban,Y
LN100655,Male,Yes,0,Not Graduate,Yes,2863,9486,577,360,1,Urban,Y
LN100656,Male,No,2,Graduate,Yes,11023,6094,404,180,0,Semiurban,N
LN100657,Male,Yes,3+,Not Graduate,No,3792,6974,608,300,1,Rural,Y
LN100658,Female,Yes,2,Not Graduate,Yes,3038,9718,236,240,1,Semiurban,Y
LN100659,Female,No,3+,Graduate,No,4908,4774,80,240,1,Rural,Y
LN100660,Female,Yes,1,Not Graduate,Yes,10252,7692,309,180,0,Urban,N
LN100661,Male,Yes,1,Not Graduate,Yes,19787,11088,470,360,1,Rural,Y
LN100662,Male,No,1,Not Graduate,Yes,1674,3103,578,180,0,Rural,N
LN100663,Female,Yes,2,Graduate,Yes,3730,2440,600,360,0,Urban,N
LN100664,Male,Yes,1,Graduate,Yes,5787,4135,353,300,1,Rural,Y
LN100665,Male,No,0,Not Graduate,No,22044,14995,88,360,1,Urban,Y
LN100666,Female,No,3+,Graduate,No,13612,11994,538,180,1,Semiurban,Y
LN100667,Female,Yes,3+,Not Graduate,No,8606,7124,693,300,1,Urban,Y
LN100668,Male,Yes,0,Not Graduate,No,11189,5201,591,120,0,Urban,N
LN100669,Male,No,2,Not Graduate,No,13546,844,327,240,1,Rural,Y
LN100670,Male,No,2,Not Graduate,No,21055,14031,252,180,1,Semiurban,Y
LN100671,Female,Yes,3+,Not Graduate,Yes,19451,14536,115,180,1,Urban,Y
LN100672,Female,No,1,Graduate,Yes,2651,446,157,180,1,Semiurban,N
LN100673,Female,Yes,2,Not Graduate,No,9119,3915,317,300,1,Semiurban,Y
LN100674,Female,Yes,2,Graduate,No,7533,3109,271,120,1,Rural,Y
LN100675,Male,Yes,0,Graduate,Yes,10060,1234,579,360,0,Urban,N
LN100676,Female,Yes,0,Not Graduate,Yes,6446,6587,139,120,1,Rural,Y
LN100677,Female,Yes,1,Not Graduate,Yes,3407,13638,304,300,1,Urban,Y
LN100678,Female,No,2,Graduate,No,4990,226,504,180,0,Semiurban,N
LN100679,Female,No,2,Graduate,No,20419,4143,302,240,1,Urban,Y
LN100680,Female,No,0,Graduate,No,5673,7185,306,180,1,Urban,Y
LN100681,Male,No,2,Not Graduate,Yes,12565,11151,432,360,1,Semiurban,Y
LN100682,Male,Yes,3+,Graduate,Yes,19177,5558,491,240,0,Semiurban,N
LN100683,Female,Yes,0,Not Graduate,No,6269,10022,648,180,0,Urban,N
LN100684,Male,Yes,1,Not Graduate,No,6296,11971,139,240,1,Rural,Y
LN100685,Female,Yes,0,Not Graduate,Yes,14546,186,439,120,1,Urban,Y
LN100686,Female,No,2,Graduate,Yes,15711,14680,631,300,1,Semiurban,Y
LN100687,Male,Yes,1,Not Graduate,Yes,24755,14559,93,180,1,Rural,Y
LN100688,Male,Yes,0,Not Graduate,Yes,20856,11069,647,360,1,Semiurban,Y
LN100689,Female,No,3+,Not Graduate,No,21806,2535,68,120,1,Semiurban,Y
LN100690,Female,No,3+,Not Graduate,Yes,6497,1932,150,180,1,Rural,Y
LN100691,Female,No,0,Not Graduate,Yes,24916,11116,656,120,1,Semiurban,Y
LN100692,Male,No,3+,Graduate,Yes,18876,9040,406,360,1,Semiurban,Y
LN100693,Female,Yes,3+,Not Graduate,No,9612,2032,591,180,0,Semiurban,N
LN100694,Female,Yes,3+,Not Graduate,No,6787,1252,82,360,1,Semiurban,Y
LN100695,Female,No,1,Graduate,Yes,12078,5509,278,240,1,Semiurban,Y
LN100696,Male,Yes,3+,Not Graduate,Yes,20124,5074,573,360,1,Semiurban,Y
LN100697,Female,Yes,3+,Graduate,Yes,19360,13900,679,240,1,Semiurban,Y
LN100698,Female,Yes,3+,Not Graduate,No,7926,13304,204,180,1,Semiurban,Y
LN100699,Male,No,1,Graduate,No,13099,14523,472,240,1,Semiurban,Y
LN100700,Female,Yes,0,Graduate,No,1889,1881,295,180,1,Urban,N
LN100701,Female,No,2,Not Graduate,Yes,2499,269,454,180,1,Urban,N
LN100702,Male,Yes,3+,Not Graduate,No,14312,1630,590,300,1,Semiurban,Y
LN100703,Female,Yes,0,Not Graduate,Yes,17099,4405,210,180,1,Urban,Y
LN100704,Male,Yes,3+,Graduate,Yes,3355,11395,166,240,1,Rural,Y
LN100705,Male,No,1,Graduate,Yes,9625,6139,320,300,0,Urban,N
LN100706,Female,Yes,0,Graduate,No,15294,1574,536,300,1,Semiurban,Y
LN100707,Female,No,1,Not Graduate,Yes,4263,13383,221,180,0,Semiurban,N
LN100708,Female,No,3+,Graduate,No,21547,11084,323,360,1,Urban,Y
LN100709,Female,No,3+,Graduate,No,6486,1695,308,360,1,Semiurban,Y
LN100710,Male,Yes,1,Not Graduate,Yes,2981,3258,184,300,1,Rural,Y
LN100711,Female,Yes,2,Graduate,Yes,5231,14821,471,180,1,Rural,Y
LN100712,Male,Yes,1,Graduate,No,18335,3262,470,360,1,Semiurban,Y
LN100713,Female,Yes,3+,Not Graduate,Yes,20977,1445,235,180,0,Rural,N
LN100714,Female,No,1,Graduate,No,18766,6263,413,180,1,Rural,Y
LN100715,Female,No,2,Not Graduate,Yes,22292,8411,656,300,1,Urban,Y
LN100716,Male,No,1,Not Graduate,No,21952,52,427,300,1,Rural,Y
LN100717,Female,Yes,2,Not Graduate,No,12258,9949,572,120,1,Urban,Y
LN100718,Female,No,2,Not Graduate,No,21161,5570,629,360,0,Semiurban,N
LN100719,Female,Yes,1,Not Graduate,No,17811,7579,245,360,1,Urban,Y
LN100720,Female,No,1,Graduate,Yes,10066,1666,147,360,1,Semiurban,Y
LN100721,Male,Yes,0,Graduate,Yes,13389,13548,654,240,1,Semiurban,Y
LN100722,Female,Yes,3+,Not Graduate,No,12754,6901,71,180,0,Semiurban,N
LN100723,Male,No,2,Not Graduate,No,22574,2785,499,300,1,Semiurban,Y
LN100724,Male,No,0,Graduate,Yes,12942,719,221,360,1,Semiurban,Y
LN100725,Male,No,1,Not Graduate,Yes,15021,8597,432,120,1,Urban,Y
LN100726,Male,No,3+,Not Graduate,Yes,22479,14943,183,360,1,Semiurban,Y
LN100727,Male,Yes,0,Not Graduate,Yes,6059,14757,475,180,1,Rural,Y
LN100728,Male,No,2,Graduate,Yes,17699,6855,74,180,1,Rural,Y
LN100729,Female,No,0,Graduate,Yes,8791,2294,552,300,1,Semiurban,Y
LN100730,Male,No,2,Not Graduate,No,9660,8263,234,240,1,Rural,Y
LN100731,Male,Yes,1,Not Graduate,Yes,1612,14141,134,300,1,Urban,Y
LN100732,Male,Yes,3+,Graduate,Yes,23015,14520,616,360,1,Urban,Y
LN100733,Female,No,3+,Graduate,No,21081,10245,193,120,1,Semiurban,Y
LN100734,Female,Yes,3+,Not Graduate,Yes,17424,9421,461,300,0,Semiurban,N
LN100735,Male,No,1,Not Graduate,Yes,18023,9759,273,240,1,Semiurban,Y
LN100736,Female,Yes,2,Graduate,Yes,2924,11874,269,300,1,Rural,Y
LN100737,Male,Yes,1,Graduate,Yes,20833,11145,228,180,0,Rural,N
LN100738,Male,Yes,3+,Graduate,Yes,21052,4482,680,360,1,Urban,Y
LN100739,Female,Yes,1,Not Graduate,No,12308,14079,482,360,1,Rural,Y
LN100740,Male,No,1,Graduate,Yes,7543,698,314,360,1,Urban,Y
LN100741,Female,No,1,Not Graduate,No,8489,7243,478,360,1,Rural,Y
LN100742,Female,No,2,Graduate,No,7761,13488,465,360,0,Urban,N
LN100743,Male,Yes,0,Graduate,Yes,2387,9018,502,360,0,Semiurban,N
LN100744,Male,No,0,Graduate,No,20988,5918,246,120,1,Rural,Y
LN100745,Female,No,1,Graduate,Yes,17933,348,603,240,1,Urban,Y
LN100746,Male,No,0,Not Graduate,No,21835,5374,102,360,1,Rural,Y
LN100747,Male,Yes,0,Not Graduate,No,21444,12100,529,240,0,Semiurban,N
LN100748,Male,Yes,1,Graduate,Yes,17902,7869,492,360,0,Urban,N
LN100749,Female,Yes,1,Not Graduate,Yes,22705,307,379,300,1,Rural,Y
LN100750,Female,No,3+,Graduate,Yes,24224,3416,300,360,1,Rural,Y
LN100751,Male,No,0,Graduate,Yes,13753,13438,172,180,1,Semiurban,Y
LN100752,Female,No,2,Graduate,Yes,20490,14248,436,120,0,Semiurban,N
LN100753,Female,Yes,1,Graduate,No,9346,10526,388,300,1,Urban,Y
LN100754,Female,Yes,3+,Not Graduate,No,7932,13053,397,300,1,Rural,Y
LN100755,Female,No,2,Graduate,No,14952,4820,78,180,1,Rural,Y
LN100756,Female,Yes,0,Graduate,No,14895,11001,84,360,0,Semiurban,N
LN100757,Male,Yes,3+,Not Graduate,No,5265,13907,567,120,1,Semiurban,Y
LN100758,Male,Yes,1,Graduate,No,20322,3558,445,300,1,Urban,Y
LN100759,Male,Yes,2,Graduate,No,17450,4478,672,120,1,Rural,Y
LN100760,Female,No,1,Graduate,Yes,14002,11669,343,300,1,Rural,Y
LN100761,Female,Yes,0,Not Graduate,Yes,11241,6531,638,360,1,Urban,Y
LN100762,Male,Yes,2,Graduate,No,24242,4620,398,300,0,Urban,N
LN100763,Female,Yes,0,Not Graduate,No,7441,10878,196,300,1,Semiurban,Y
LN100764,Male,Yes,0,Graduate,Yes,6355,2985,116,240,1,Semiurban,Y
LN100765,Male,No,3+,Graduate,Yes,24431,8112,569,360,1,Urban,Y
LN100766,Male,No,1,Not Graduate,Yes,23795,8467,171,180,1,Urban,Y
LN100767,Female,Yes,2,Graduate,Yes,24365,2547,389,180,0,Rural,N
LN100768,Female,Yes,0,Graduate,No,16666,10956,224,360,1,Urban,Y
LN100769,Male,Yes,0,Not Graduate,Yes,20645,336,646,180,1,Urban,Y
LN100770,Male,Yes,2,Not Graduate,No,22340,10165,500,360,1,Rural,Y
LN100771,Male,Yes,0,Not Graduate,No,24245,2979,606,180,1,Urban,Y
LN100772,Male,Yes,3+,Not Graduate,No,23577,12768,185,240,0,Semiurban,N
LN100773,Female,No,3+,Not Graduate,Yes,7288,3968,65,180,1,Semiurban,Y
LN100774,Female,Yes,3+,Graduate,Yes,1701,910,382,300,1,Rural,N
LN100775,Male,No,3+,Not Graduate,No,24044,1996,244,360,1,Urban,Y
LN100776,Male,No,0,Graduate,No,12061,3129,545,120,1,Semiurban,Y
LN100777,Female,Yes,2,Graduate,No,18401,5447,58,120,1,Semiurban,Y
LN100778,Female,No,2,Graduate,Yes,9237,6129,383,360,0,Semiurban,N
LN100779,Male,No,2,Not Graduate,No,3488,5850,382,240,1,Semiurban,Y
LN100780,Male,No,2,Not Graduate,Yes,16941,4204,376,180,0,Urban,N
LN100781,Male,No,1,Graduate,No,13237,7446,64,240,0,Urban,N
LN100782,Female,No,2,Not Graduate,No,15756,11949,663,120,1,Urban,Y
LN100783,Female,No,1,Not Graduate,No,21686,8519,275,360,1,Urban,Y
LN100784,Female,Yes,1,Not Graduate,Yes,23692,9991,474,360,0,Semiurban,N
LN100785,Male,No,3+,Not Graduate,Yes,8662,314,457,240,1,Rural,Y
LN100786,Male,No,1,Graduate,No,14565,11737,162,240,0,Rural,N
LN100787,Female,No,0,Graduate,Yes,24125,1134,477,180,1,Semiurban,Y
LN100788,Female,Yes,1,Not Graduate,No,15614,10938,50,300,1,Semiurban,Y
LN100789,Male,No,3+,Graduate,Yes,9899,4876,315,300,1,Rural,Y
LN100790,Female,Yes,1,Not Graduate,Yes,7133,8102,540,180,1,Rural,Y
LN100791,Female,No,0,Not Graduate,Yes,7255,9712,257,300,1,Semiurban,Y
LN100792,Male,Yes,0,Graduate,No,12325,8347,671,120,1,Semiurban,Y
LN100793,Female,Yes,0,Graduate,Yes,24193,5592,418,300,1,Urban,Y
LN100794,Male,No,3+,Graduate,Yes,5617,1724,355,180,1,Urban,Y
LN100795,Male,No,3+,Not Graduate,No,3018,3343,61,300,1,Rural,Y
LN100796,Male,Yes,2,Graduate,No,24047,886,394,360,0,Semiurban,N
LN100797,Male,No,3+,Not Graduate,No,17846,11265,514,240,1,Rural,Y
LN100798,Male,Yes,0,Graduate,No,4100,10997,543,120,1,Urban,Y
LN100799,Male,Yes,0,Graduate,Yes,14737,721,417,360,0,Urban,N
LN100800,Male,Yes,3+,Not Graduate,Yes,20079,7678,469,360,1,Rural,Y
LN100801,Female,Yes,1,Not Graduate,Yes,5054,9104,220,180,1,Urban,Y
LN100802,Male,Yes,3+,Not Graduate,Yes,17693,3357,183,240,1,Semiurban,Y
LN100803,Male,No,3+,Not Graduate,Yes,20733,870,476,240,1,Rural,Y
LN100804,Female,Yes,0,Not Graduate,No,16753,12300,74,120,1,Semiurban,Y
LN100805,Female,Yes,2,Not Graduate,Yes,17694,6751,579,180,1,Semiurban,Y
LN100806,Female,No,0,Not Graduate,Yes,3242,497,239,120,1,Urban,N
LN100807,Male,Yes,2,Not Graduate,Yes,2806,1756,190,300,1,Semiurban,Y
LN100808,Female,No,0,Graduate,No,5349,14573,604,360,0,Rural,N
LN100809,Male,No,3+,Not Graduate,No,13860,1117,364,120,1,Semiurban,Y
LN100810,Male,No,0,Not Graduate,Yes,14268,11601,493,360,0,Semiurban,N
LN100811,Male,Yes,0,Graduate,No,14532,2828,368,180,1,Semiurban,Y
LN100812,Male,Yes,0,Not Graduate,No,5695,13482,490,300,1,Semiurban,Y
LN100813,Female,Yes,3+,Graduate,No,23062,14292,141,180,1,Semiurban,Y
LN100814,Female,No,3+,Graduate,No,20439,14941,228,300,1,Urban,Y
LN100815,Male,Yes,3+,Not Graduate,No,20189,14996,105,300,1,Rural,Y
LN100816,Male,No,3+,Graduate,No,9119,1647,204,360,1,Urban,Y
LN100817,Male,Yes,2,Not Graduate,No,10780,13878,160,180,0,Rural,N
LN100818,Female,No,2,Graduate,Yes,4142,6992,186,180,1,Rural,Y
LN100819,Male,Yes,1,Graduate,Yes,10869,11175,281,120,1,Rural,Y
LN100820,Male,Yes,3+,Graduate,No,15796,13778,517,180,0,Rural,N
LN100821,Female,Yes,2,Not Graduate,Yes,24293,6771,530,120,1,Rural,Y
LN100822,Female,No,0,Not Graduate,Yes,16938,142,117,240,0,Semiurban,N
LN100823,Male,No,3+,Graduate,No,17174,13512,298,240,1,Urban,Y
LN100824,Female,Yes,1,Graduate,Yes,6257,2761,372,240,0,Urban,N
LN100825,Female,Yes,1,Not Graduate,No,4494,3435,567,180,0,Semiurban,N
LN100826,Male,No,1,Not Graduate,No,16726,6622,481,180,0,Rural,N
LN100827,Female,No,0,Graduate,No,2771,12852,536,120,1,Urban,Y
LN100828,Male,No,2,Graduate,Yes,3313,14806,655,300,0,Semiurban,N
LN100829,Female,Yes,0,Not Graduate,Yes,20345,10623,478,120,1,Semiurban,Y
LN100830,Male,No,3+,Not Graduate,Yes,22004,14003,318,240,0,Urban,N
LN100831,Male,Yes,1,Not Graduate,Yes,24008,7069,586,120,1,Urban,Y
LN100832,Male,No,0,Not Graduate,No,9975,4512,197,300,0,Rural,N
LN100833,Female,Yes,0,Not Graduate,No,5896,1848,167,180,1,Rural,Y
LN100834,Male,No,2,Graduate,Yes,10783,14643,416,120,1,Urban,Y
LN100835,Female,No,2,Not Graduate,No,14818,2696,115,240,0,Rural,N
LN100836,Male,No,1,Graduate,No,18700,1717,419,240,1,Semiurban,Y
LN100837,Male,No,0,Not Graduate,Yes,1582,13678,224,180,1,Rural,Y
LN100838,Female,No,0,Graduate,No,3420,3072,637,120,1,Rural,Y
LN100839,Male,Yes,2,Not Graduate,Yes,9317,9259,544,300,1,Semiurban,Y
LN100840,Male,No,0,Not Graduate,No,13183,2786,163,180,1,Rural,Y
LN100841,Female,No,0,Graduate,Yes,12836,14154,160,120,1,Semiurban,Y
LN100842,Male,No,0,Graduate,No,17096,13409,488,360,1,Rural,Y
LN100843,Male,Yes,2,Not Graduate,No,3593,3791,196,240,1,Urban,Y
LN100844,Male,No,1,Not Graduate,Yes,14405,9480,84,300,1,Rural,Y
LN100845,Male,Yes,3+,Not Graduate,Yes,24955,3871,358,300,1,Urban,Y
LN100846,Female,No,1,Not Graduate,Yes,9867,1806,587,300,1,Urban,Y
LN100847,Female,No,3+,Not Graduate,Yes,6785,14475,63,240,1,Urban,Y
LN100848,Male,Yes,0,Graduate,No,12396,1504,423,120,1,Urban,Y
LN100849,Female,No,1,Graduate,No,6437,3308,606,180,0,Urban,N
LN100850,Male,Yes,3+,Not Graduate,Yes,18253,7117,477,120,1,Semiurban,Y
LN100851,Female,Yes,2,Graduate,No,19702,13304,282,180,1,Semiurban,Y
LN100852,Male,No,2,Graduate,Yes,19985,5048,612,300,1,Semiurban,Y
LN100853,Male,Yes,1,Graduate,Yes,14477,11143,489,120,0,Urban,N
LN100854,Male,No,1,Not Graduate,No,21374,8263,551,300,1,Rural,Y
LN100855,Male,No,0,Graduate,No,19663,1690,324,360,1,Semiurban,Y
LN100856,Male,Yes,1,Not Graduate,Yes,9174,13579,125,300,1,Rural,Y
LN100857,Male,Yes,0,Graduate,Yes,19248,9536,488,300,1,Rural,Y
LN100858,Female,Yes,0,Not Graduate,Yes,5176,14442,338,180,1,Urban,Y
LN100859,Male,Yes,2,Graduate,No,3926,3303,589,360,0,Urban,N
LN100860,Female,No,2,Not Graduate,No,4462,3113,302,300,0,Urban,N
LN100861,Male,No,3+,Not Graduate,No,2359,9074,175,300,1,Semiurban,Y
LN100862,Female,Yes,2,Graduate,No,13548,12426,226,360,0,Urban,N
LN100863,Female,No,2,Not Graduate,Yes,5638,10854,86,360,1,Semiurban,Y
LN100864,Female,No,1,Not Graduate,Yes,3924,7850,459,120,1,Semiurban,Y
LN100865,Male,No,2,Not Graduate,Yes,11909,6416,660,180,1,Semiurban,Y
LN100866,Male,No,3+,Not Graduate,Yes,5517,1504,659,360,0,Semiurban,N
LN100867,Female,Yes,1,Not Graduate,Yes,11951,10655,176,360,1,Urban,Y
LN100868,Male,Yes,3+,Not Graduate,Yes,11778,10745,532,240,1,Semiurban,Y
LN100869,Female,No,2,Not Graduate,No,12496,8924,217,360,1,Urban,Y
LN100870,Male,Yes,3+,Not Graduate,No,2634,9940,641,180,0,Urban,N
LN100871,Female,Yes,1,Graduate,Yes,23050,3924,343,300,1,Semiurban,Y
LN100872,Female,Yes,0,Graduate,Yes,6619,8615,687,300,1,Urban,Y
LN100873,Male,No,3+,Not Graduate,No,7194,11670,392,300,1,Rural,Y
LN100874,Female,No,3+,Not Graduate,No,24020,9783,359,300,1,Urban,Y
LN100875,Male,No,1,Graduate,No,23369,4485,577,240,1,Urban,Y
LN100876,Female,Yes,1,Graduate,No,5664,12629,589,360,1,Semiurban,Y
LN100877,Female,No,3+,Graduate,Yes,20230,13233,468,300,1,Semiurban,Y
LN100878,Male,No,2,Not Graduate,Yes,6539,12901,493,120,1,Urban,Y
LN100879,Male,Yes,3+,Graduate,Yes,22781,8100,607,300,1,Semiurban,Y
LN100880,Male,No,1,Not Graduate,Yes,16131,8684,285,360,0,Rural,N
LN100881,Female,No,0,Not Graduate,Yes,11942,191,488,300,0,Rural,N
LN100882,Male,Yes,0,Graduate,No,9752,8690,263,240,0,Semiurban,N
LN100883,Female,Yes,2,Not Graduate,Yes,22925,4917,134,180,0,Urban,N
LN100884,Female,Yes,3+,Not Graduate,No,21785,5831,134,180,1,Rural,Y
LN100885,Male,No,0,Not Graduate,Yes,19221,9448,538,360,1,Rural,Y
LN100886,Male,No,3+,Not Graduate,Yes,19068,10160,114,180,1,Urban,Y
LN100887,Female,No,1,Graduate,Yes,22310,4322,695,180,1,Semiurban,Y
LN100888,Female,Yes,0,Graduate,Yes,3051,13682,676,120,0,Rural,N
LN100889,Male,Yes,2,Not Graduate,Yes,14125,10378,113,360,1,Urban,Y
LN100890,Male,No,1,Not Graduate,No,3129,6999,392,360,0,Urban,N
LN100891,Male,No,2,Graduate,No,19410,9008,401,180,1,Rural,Y
LN100892,Male,Yes,1,Not Graduate,No,2861,11412,207,180,1,Semiurban,Y
LN100893,Male,Yes,0,Graduate,Yes,5870,7282,638,180,1,Rural,Y
LN100894,Female,Yes,2,Not Graduate,Yes,6783,9665,540,240,1,Urban,Y
LN100895,Female,Yes,2,Not Graduate,No,9110,9278,512,300,1,Rural,Y
LN100896,Female,No,1,Graduate,Yes,12058,12391,274,240,1,Semiurban,Y
LN100897,Female,Yes,2,Graduate,Yes,16424,1874,362,360,0,Urban,N
LN100898,Male,No,1,Graduate,No,16339,9062,664,120,1,Semiurban,Y
LN100899,Male,No,1,Graduate,Yes,13449,4763,515,300,1,Rural,Y
LN100900,Male,No,1,Not Graduate,No,12126,10234,137,120,0,Rural,N
LN100901,Female,Yes,1,Graduate,Yes,3493,8464,352,360,1,Semiurban,Y
LN100902,Female,Yes,0,Not Graduate,No,2369,9221,484,360,1,Rural,Y
LN100903,Male,Yes,1,Graduate,Yes,2514,11410,184,120,1,Semiurban,Y
LN100904,Male,Yes,3+,Graduate,Yes,11603,14519,99,120,1,Rural,Y
LN100905,Female,No,2,Not Graduate,No,18486,12261,481,120,1,Semiurban,Y
LN100906,Female,Yes,3+,Graduate,Yes,13513,1051,389,360,1,Semiurban,Y
LN100907,Male,Yes,0,Graduate,Yes,2190,12225,396,180,1,Urban,Y
LN100908,Male,No,3+,Graduate,No,18373,9765,695,120,1,Urban,Y
LN100909,Female,Yes,2,Graduate,Yes,24748,11382,396,300,1,Semiurban,Y
LN100910,Male,No,3+,Not Graduate,No,12248,12580,698,360,1,Rural,Y
LN100911,Male,No,0,Not Graduate,Yes,9524,7538,294,240,1,Rural,Y
LN100912,Male,No,1,Graduate,Yes,18178,7411,158,240,1,Rural,Y
LN100913,Female,No,3+,Graduate,Yes,6988,11989,582,300,1,Semiurban,Y
LN100914,Female,No,0,Graduate,Yes,21911,11481,139,180,1,Semiurban,Y
LN100915,Female,No,0,Not Graduate,No,12535,6320,345,120,1,Semiurban,Y
LN100916,Female,No,2,Not Graduate,Yes,20796,11939,161,360,1,Semiurban,Y
LN100917,Female,No,2,Not Graduate,No,22628,2105,638,120,0,Urban,N
LN100918,Female,Yes,3+,Not Graduate,Yes,19757,13580,226,360,1,Semiurban,Y
LN100919,Female,Yes,1,Graduate,Yes,14355,307,392,240,1,Rural,Y
LN100920,Male,Yes,0,Graduate,Yes,21142,7737,150,120,0,Urban,N
LN100921,Male,Yes,3+,Graduate,Yes,4317,3359,678,300,0,Rural,N
LN100922,Male,No,0,Not Graduate,No,21525,13264,653,180,1,Semiurban,Y
LN100923,Male,Yes,0,Graduate,No,5958,3176,450,300,0,Urban,N
LN100924,Male,No,1,Not Graduate,No,6807,1251,77,180,1,Semiurban,Y
LN100925,Male,Yes,1,Not Graduate,No,10433,5366,586,120,1,Urban,Y
LN100926,Male,Yes,3+,Graduate,Yes,19925,10939,107,120,1,Rural,Y
LN100927,Female,Yes,1,Graduate,No,18563,1517,547,180,1,Semiurban,Y
LN100928,Female,No,1,Graduate,No,12159,6226,346,240,1,Semiurban,Y
LN100929,Male,Yes,3+,Not Graduate,Yes,7238,5305,183,360,1,Urban,Y
LN100930,Male,No,1,Not Graduate,Yes,7168,14587,380,300,1,Urban,Y
LN100931,Female,No,2,Graduate,Yes,15927,9570,298,300,1,Semiurban,Y
LN100932,Male,Yes,0,Graduate,Yes,9197,5869,599,300,1,Urban,Y
LN100933,Male,Yes,0,Not Graduate,No,17946,8039,124,120,1,Semiurban,Y
LN100934,Female,Yes,0,Graduate,No,9329,14007,217,300,0,Urban,N
LN100935,Male,No,0,Not Graduate,Yes,12251,14330,552,360,1,Rural,Y
LN100936,Female,Yes,3+,Not Graduate,Yes,14950,4891,404,360,0,Urban,N
LN100937,Male,No,0,Graduate,Yes,8852,4992,274,180,1,Rural,Y
LN100938,Female,No,0,Graduate,No,15016,1961,580,120,0,Urban,N
LN100939,Female,Yes,0,Graduate,No,24799,12497,195,360,1,Urban,Y
LN100940,Female,Yes,0,Graduate,Yes,9826,2863,290,240,1,Semiurban,Y
LN100941,Male,No,2,Not Graduate,Yes,5144,10848,393,120,0,Urban,N
LN100942,Female,No,0,Not Graduate,No,22854,10686,84,120,1,Urban,Y
LN100943,Male,No,2,Not Graduate,Yes,9503,6603,50,360,1,Rural,Y
LN100944,Male,Yes,3+,Graduate,Yes,4778,13255,202,240,1,Urban,Y
LN100945,Male,No,1,Not Graduate,No,8796,4567,478,180,1,Semiurban,Y
LN100946,Male,Yes,0,Graduate,Yes,4574,6513,557,360,1,Rural,Y
LN100947,Female,No,1,Graduate,No,14761,4005,175,240,1,Semiurban,Y
LN100948,Female,No,1,Graduate,Yes,12673,11755,540,120,1,Semiurban,Y
LN100949,Male,Yes,3+,Graduate,Yes,9812,9114,531,240,1,Semiurban,Y
LN100950,Male,No,1,Graduate,No,3137,12424,394,120,0,Semiurban,N
LN100951,Female,Yes,2,Graduate,No,15152,12654,270,360,1,Rural,Y
LN100952,Male,Yes,1,Not Graduate,Yes,6603,11151,74,360,1,Urban,Y
LN100953,Female,No,1,Graduate,No,18528,183,577,300,0,Semiurban,N
LN100954,Male,Yes,1,Not Graduate,Yes,3532,7755,231,300,1,Rural,Y
LN100955,Male,Yes,0,Not Graduate,Yes,4261,3358,548,300,1,Semiurban,Y
LN100956,Female,No,0,Graduate,No,16695,6615,690,360,1,Urban,Y
LN100957,Male,Yes,2,Graduate,Yes,19952,9590,91,180,0,Rural,N
LN100958,Female,Yes,2,Graduate,Yes,18125,6797,530,360,1,Rural,Y
LN100959,Male,Yes,0,Not Graduate,No,4168,10988,488,240,1,Urban,Y
LN100960,Male,No,2,Graduate,No,16138,8728,451,360,1,Rural,Y
LN100961,Male,Yes,0,Not Graduate,Yes,17454,7678,595,360,1,Urban,Y
LN100962,Female,No,3+,Graduate,No,18686,5698,394,120,1,Rural,Y
LN100963,Male,No,1,Graduate,No,22943,1273,94,120,1,Rural,Y
LN100964,Male,Yes,1,Not Graduate,No,13856,11159,695,120,1,Urban,Y
LN100965,Male,Yes,2,Not Graduate,No,1695,6653,70,360,1,Urban,Y
LN100966,Male,Yes,0,Graduate,Yes,3687,14965,683,180,1,Rural,Y
LN100967,Female,No,0,Not Graduate,Yes,13207,11241,119,240,1,Rural,Y
LN100968,Female,Yes,2,Not Graduate,Yes,3830,1096,97,240,1,Urban,Y
LN100969,Male,Yes,0,Not Graduate,No,22725,9497,540,180,0,Urban,N
LN100970,Female,Yes,3+,Not Graduate,No,5106,9107,600,180,0,Rural,N
LN100971,Male,Yes,1,Not Graduate,No,1560,11273,336,240,1,Rural,Y
LN100972,Male,Yes,2,Graduate,No,15887,8002,59,300,1,Rural,Y
LN100973,Male,No,2,Graduate,No,5427,4247,591,120,1,Urban,Y
LN100974,Female,No,0,Not Graduate,No,7796,9220,323,120,1,Rural,Y
LN100975,Female,Yes,2,Graduate,No,15122,5314,649,240,0,Semiurban,N
LN100976,Female,Yes,3+,Graduate,Yes,15625,10169,430,180,1,Urban,Y
LN100977,Female,Yes,0,Not Graduate,Yes,4091,3354,378,300,1,Rural,Y
LN100978,Female,Yes,0,Graduate,No,13627,10703,528,240,1,Urban,Y
LN100979,Female,No,0,Not Graduate,No,17248,270,64,120,1,Semiurban,Y
LN100980,Female,Yes,0,Not Graduate,No,7621,1186,565,360,1,Urban,Y
LN100981,Female,No,3+,Graduate,Yes,2700,12747,240,180,1,Rural,Y
LN100982,Female,No,0,Not Graduate,Yes,17221,12392,217,360,1,Semiurban,Y
LN100983,Male,Yes,2,Not Graduate,No,20738,11956,570,240,1,Semiurban,Y
LN100984,Female,No,3+,Not Graduate,No,12587,13998,670,120,1,Rural,Y
LN100985,Female,No,1,Not Graduate,Yes,24908,6305,186,300,0,Rural,N
LN100986,Female,No,1,Not Graduate,Yes,8472,2398,203,360,0,Rural,N
LN100987,Female,No,2,Graduate,Yes,1636,12721,437,300,0,Urban,N
LN100988,Female,Yes,2,Graduate,Yes,18913,6995,258,120,1,Urban,Y
LN100989,Female,Yes,3+,Not Graduate,No,16846,12427,321,360,1,Urban,Y
LN100990,Female,No,1,Not Graduate,Yes,20478,13782,192,300,1,Rural,Y
LN100991,Female,Yes,1,Graduate,Yes,2161,7299,660,300,1,Rural,Y
LN100992,Female,Yes,1,Not Graduate,No,3972,4182,118,360,1,Urban,Y
LN100993,Female,Yes,1,Graduate,Yes,1586,9903,296,120,1,Semiurban,Y
LN100994,Female,Yes,1,Not Graduate,Yes,12204,2230,310,300,1,Urban,Y
LN100995,Male,Yes,0,Not Graduate,Yes,7719,6511,128,240,1,Semiurban,Y
LN100996,Male,No,2,Not Graduate,No,17822,128,672,360,1,Rural,Y
LN100997,Female,Yes,0,Not Graduate,Yes,16249,9461,654,180,1,Rural,Y
LN100998,Female,Yes,1,Not Graduate,No,8468,3672,574,180,1,Urban,Y
LN100999,Male,Yes,3+,Not Graduate,No,20657,9793,670,120,1,Urban,Y
